A Light in the ...,£51.77,http://books.toscrape.com/index.html,200
Tipping the Velvet,£53.74,http://books.toscrape.com/index.html,200
Soumission,£50.10,http://books.toscrape.com/index.html,200
Sharp Objects,£47.82,http://books.toscrape.com/index.html,200
Sapiens: A Brief History ...,£54.23,http://books.toscrape.com/index.html,200
The Requiem Red,£22.65,http://books.toscrape.com/index.html,200
The Dirty Little Secrets ...,£33.34,http://books.toscrape.com/index.html,200
The Coming Woman: A ...,£17.93,http://books.toscrape.com/index.html,200
The Boys in the ...,£22.60,http://books.toscrape.com/index.html,200
The Black Maria,£52.15,http://books.toscrape.com/index.html,200
Starving Hearts (Triangular Trade ...,£13.99,http://books.toscrape.com/index.html,200
Shakespeare's Sonnets,£20.66,http://books.toscrape.com/index.html,200
Set Me Free,£17.46,http://books.toscrape.com/index.html,200
Scott Pilgrim's Precious Little ...,£52.29,http://books.toscrape.com/index.html,200
Rip it Up and ...,£35.02,http://books.toscrape.com/index.html,200
Our Band Could Be ...,£57.25,http://books.toscrape.com/index.html,200
Olio,£23.88,http://books.toscrape.com/index.html,200
Mesaerion: The Best Science ...,£37.59,http://books.toscrape.com/index.html,200
Libertarianism for Beginners,£51.33,http://books.toscrape.com/index.html,200
The Long Haul (Diary ...,£44.07,http://books.toscrape.com/catalogue/category/books/humor_30/index.html,200
It's Only the Himalayas,£45.17,http://books.toscrape.com/index.html,200
Foolproof Preserving: A Guide ...,£30.52,http://books.toscrape.com/catalogue/category/books/food-and-drink_33/index.html,200
The Pioneer Woman Cooks: ...,£56.41,http://books.toscrape.com/catalogue/category/books/food-and-drink_33/index.html,200
My Paris Kitchen: Recipes ...,£33.37,http://books.toscrape.com/catalogue/category/books/food-and-drink_33/index.html,200
Mama Tried: Traditional Italian ...,£14.02,http://books.toscrape.com/catalogue/category/books/food-and-drink_33/index.html,200
Old School (Diary of ...,£11.83,http://books.toscrape.com/catalogue/category/books/humor_30/index.html,200
I Know What I'm ...,£25.98,http://books.toscrape.com/catalogue/category/books/humor_30/index.html,200
Hyperbole and a Half: ...,£14.75,http://books.toscrape.com/catalogue/category/books/humor_30/index.html,200
"Layered: Baking, Building, and ...",£40.11,http://books.toscrape.com/catalogue/category/books/food-and-drink_33/index.html,200
The Nerdy Nummies Cookbook: ...,£37.34,http://books.toscrape.com/catalogue/category/books/food-and-drink_33/index.html,200
The Love and Lemons ...,£37.60,http://books.toscrape.com/catalogue/category/books/food-and-drink_33/index.html,200
Dress Your Family in ...,£43.68,http://books.toscrape.com/catalogue/category/books/humor_30/index.html,200
Toddlers Are A**holes: It's ...,£25.55,http://books.toscrape.com/catalogue/category/books/humor_30/index.html,200
When You Are Engulfed ...,£30.89,http://books.toscrape.com/catalogue/category/books/humor_30/index.html,200
Naked,£31.69,http://books.toscrape.com/catalogue/category/books/humor_30/index.html,200
Louisa: The Extraordinary Life ...,£16.85,http://books.toscrape.com/catalogue/category/books/biography_36/index.html,200
Redeeming Love,£20.47,http://books.toscrape.com/catalogue/category/books/christian-fiction_34/index.html,200
The Cookies & Cups ...,£41.25,http://books.toscrape.com/catalogue/category/books/food-and-drink_33/index.html,200
Deliciously Ella Every Day: ...,£42.16,http://books.toscrape.com/catalogue/category/books/food-and-drink_33/index.html,200
The Help Yourself Cookbook ...,£28.77,http://books.toscrape.com/catalogue/category/books/food-and-drink_33/index.html,200
Lamb: The Gospel According ...,£55.50,http://books.toscrape.com/catalogue/category/books/humor_30/index.html,200
Holidays on Ice,£51.07,http://books.toscrape.com/catalogue/category/books/humor_30/index.html,200
The Dirty Little Secrets ...,£33.34,http://books.toscrape.com/catalogue/category/books/business_35/index.html,200
The Third Wave: An ...,£12.61,http://books.toscrape.com/catalogue/category/books/business_35/index.html,200
Setting the World on ...,£21.15,http://books.toscrape.com/catalogue/category/books/biography_36/index.html,200
The Faith of Christopher ...,£39.55,http://books.toscrape.com/catalogue/category/books/biography_36/index.html,200
Benjamin Franklin: An American ...,£48.19,http://books.toscrape.com/catalogue/category/books/biography_36/index.html,200
The Rise of Theodore ...,£42.57,http://books.toscrape.com/catalogue/category/books/biography_36/index.html,200
Close to You,£49.46,http://books.toscrape.com/catalogue/category/books/christian-fiction_34/index.html,200
Shadows of the Past ...,£39.67,http://books.toscrape.com/catalogue/category/books/christian-fiction_34/index.html,200
Like Never Before (Walker ...,£28.77,http://books.toscrape.com/catalogue/category/books/christian-fiction_34/index.html,200
Counted With the Stars ...,£17.97,http://books.toscrape.com/catalogue/category/books/christian-fiction_34/index.html,200
If I Run (If ...,£49.97,http://books.toscrape.com/catalogue/category/books/christian-fiction_34/index.html,200
"It's All Easy: Healthy, ...",£19.55,http://books.toscrape.com/catalogue/category/books/food-and-drink_33/index.html,200
Barefoot Contessa Back to ...,£28.01,http://books.toscrape.com/catalogue/category/books/food-and-drink_33/index.html,200
Barefoot Contessa at Home: ...,£50.62,http://books.toscrape.com/catalogue/category/books/food-and-drink_33/index.html,200
My Kitchen Year: 136 ...,£11.53,http://books.toscrape.com/catalogue/category/books/food-and-drink_33/index.html,200
Everyday Italian: 125 Simple ...,£20.10,http://books.toscrape.com/catalogue/category/books/food-and-drink_33/index.html,200
Security,£39.25,http://books.toscrape.com/catalogue/category/books/horror_31/index.html,200
Follow You Home,£21.36,http://books.toscrape.com/catalogue/category/books/horror_31/index.html,200
The Loney,£23.40,http://books.toscrape.com/catalogue/category/books/horror_31/index.html,200
Pet Sematary,£10.56,http://books.toscrape.com/catalogue/category/books/horror_31/index.html,200
Sapiens: A Brief History ...,£54.23,http://books.toscrape.com/catalogue/category/books/history_32/index.html,200
Unbound: How Eight Technologies ...,£25.52,http://books.toscrape.com/catalogue/category/books/history_32/index.html,200
The Age of Genius: ...,£19.73,http://books.toscrape.com/catalogue/category/books/history_32/index.html,200
"Political Suicide: Missteps, Peccadilloes, ...",£36.28,http://books.toscrape.com/catalogue/category/books/history_32/index.html,200
Fifty Shades Freed (Fifty ...,£15.36,http://books.toscrape.com/catalogue/category/books/adult-fiction_29/index.html,200
The 10% Entrepreneur: Live ...,£27.55,http://books.toscrape.com/catalogue/category/books/business_35/index.html,200
Shoe Dog: A Memoir ...,£23.99,http://books.toscrape.com/catalogue/category/books/business_35/index.html,200
Made to Stick: Why ...,£38.85,http://books.toscrape.com/catalogue/category/books/business_35/index.html,200
Quench Your Own Thirst: ...,£43.14,http://books.toscrape.com/catalogue/category/books/business_35/index.html,200
The Art of Startup ...,£21.00,http://books.toscrape.com/catalogue/category/books/business_35/index.html,200
Born for This: How ...,£21.59,http://books.toscrape.com/catalogue/category/books/business_35/index.html,200
The E-Myth Revisited: Why ...,£36.91,http://books.toscrape.com/catalogue/category/books/business_35/index.html,200
A la Mode: 120 ...,£38.77,http://books.toscrape.com/catalogue/category/books/food-and-drink_33/index.html,200
Cravings: Recipes for What ...,£20.50,http://books.toscrape.com/catalogue/category/books/food-and-drink_33/index.html,200
The Moosewood Cookbook: Recipes ...,£12.34,http://books.toscrape.com/catalogue/category/books/food-and-drink_33/index.html,200
32 Yolks,£53.63,http://books.toscrape.com/catalogue/category/books/food-and-drink_33/index.html,200
Catastrophic Happiness: Finding Joy ...,£37.35,http://books.toscrape.com/catalogue/category/books/parenting_28/index.html,200
Doctor Sleep (The Shining ...,£40.12,http://books.toscrape.com/catalogue/category/books/horror_31/index.html,200
Psycho: Sanitarium (Psycho #1.5),£36.97,http://books.toscrape.com/catalogue/category/books/horror_31/index.html,200
Can You Keep a ...,£48.64,http://books.toscrape.com/catalogue/category/books/horror_31/index.html,200
Thomas Jefferson and the ...,£59.64,http://books.toscrape.com/catalogue/category/books/history_32/index.html,200
Zealot: The Life and ...,£24.70,http://books.toscrape.com/catalogue/category/books/history_32/index.html,200
"Rich Dad, Poor Dad",£51.74,http://books.toscrape.com/catalogue/category/books/business_35/index.html,200
The Lean Startup: How ...,£33.92,http://books.toscrape.com/catalogue/category/books/business_35/index.html,200
Naturally Lean: 125 Nourishing ...,£11.38,http://books.toscrape.com/catalogue/category/books/food-and-drink_33/index.html,200
Red Dragon (Hannibal Lecter ...,£23.37,http://books.toscrape.com/catalogue/category/books/horror_31/index.html,200
Dracula the Un-Dead,£35.63,http://books.toscrape.com/catalogue/category/books/horror_31/index.html,200
Night Shift (Night Shift ...,£12.75,http://books.toscrape.com/catalogue/category/books/horror_31/index.html,200
A Distant Mirror: The ...,£14.58,http://books.toscrape.com/catalogue/category/books/history_32/index.html,200
1491: New Revelations of ...,£21.80,http://books.toscrape.com/catalogue/category/books/history_32/index.html,200
Rework,£44.88,http://books.toscrape.com/catalogue/category/books/business_35/index.html,200
In Her Wake,£12.84,http://books.toscrape.com/catalogue/category/books/thriller_37/index.html,200
The Elephant Tree,£23.82,http://books.toscrape.com/catalogue/category/books/thriller_37/index.html,200
Needful Things,£47.51,http://books.toscrape.com/catalogue/category/books/horror_31/index.html,200
Misery,£34.79,http://books.toscrape.com/catalogue/category/books/horror_31/index.html,200
It,£25.01,http://books.toscrape.com/catalogue/category/books/horror_31/index.html,200
"Vampire Knight, Vol. 1 ...",£15.40,http://books.toscrape.com/catalogue/category/books/paranormal_24/index.html,200
Brilliant Beacons: A History ...,£11.45,http://books.toscrape.com/catalogue/category/books/history_32/index.html,200
"""Most Blessed of the ...",£44.48,http://books.toscrape.com/catalogue/category/books/history_32/index.html,200
Behind Closed Doors,£52.22,http://books.toscrape.com/catalogue/category/books/thriller_37/index.html,200
You (You #1),£43.61,http://books.toscrape.com/catalogue/category/books/thriller_37/index.html,200
The Guilty (Will Robie ...,£13.82,http://books.toscrape.com/catalogue/category/books/thriller_37/index.html,200
In Her Wake,£12.84,http://books.toscrape.com/catalogue/page-2.html,200
How Music Works,£37.32,http://books.toscrape.com/catalogue/page-2.html,200
Foolproof Preserving: A Guide ...,£30.52,http://books.toscrape.com/catalogue/page-2.html,200
The Argonauts,£10.93,http://books.toscrape.com/catalogue/category/books/autobiography_27/index.html,200
M Train,£27.18,http://books.toscrape.com/catalogue/category/books/autobiography_27/index.html,200
Lab Girl,£40.85,http://books.toscrape.com/catalogue/category/books/autobiography_27/index.html,200
Approval Junkie: Adventures in ...,£58.81,http://books.toscrape.com/catalogue/category/books/autobiography_27/index.html,200
The Lucifer Effect: Understanding ...,£10.40,http://books.toscrape.com/catalogue/category/books/psychology_26/index.html,200
The Golden Condom: And ...,£39.43,http://books.toscrape.com/catalogue/category/books/psychology_26/index.html,200
It Didn't Start with ...,£56.27,http://books.toscrape.com/catalogue/category/books/psychology_26/index.html,200
An Unquiet Mind: A ...,£21.30,http://books.toscrape.com/catalogue/category/books/psychology_26/index.html,200
'Salem's Lot,£49.56,http://books.toscrape.com/catalogue/category/books/horror_31/index.html,200
The Stand,£57.86,http://books.toscrape.com/catalogue/category/books/horror_31/index.html,200
The Girl with All ...,£49.47,http://books.toscrape.com/catalogue/category/books/horror_31/index.html,200
House of Leaves,£54.89,http://books.toscrape.com/catalogue/category/books/horror_31/index.html,200
Wall and Piece,£44.18,http://books.toscrape.com/catalogue/category/books/art_25/index.html,200
Feathers: Displays of Brilliant ...,£49.05,http://books.toscrape.com/catalogue/category/books/art_25/index.html,200
Art and Fear: Observations ...,£48.63,http://books.toscrape.com/catalogue/category/books/art_25/index.html,200
A Light in the ...,£51.77,http://books.toscrape.com/catalogue/category/books/poetry_23/index.html,200
The Black Maria,£52.15,http://books.toscrape.com/catalogue/category/books/poetry_23/index.html,200
A Short History of ...,£52.40,http://books.toscrape.com/catalogue/category/books/history_32/index.html,200
The Rise and Fall ...,£39.67,http://books.toscrape.com/catalogue/category/books/history_32/index.html,200
Libertarianism for Beginners,£51.33,http://books.toscrape.com/catalogue/its-only-the-himalayas_981/index.html,200
The 14th Colony (Cotton ...,£39.24,http://books.toscrape.com/catalogue/category/books/thriller_37/index.html,200
Give It Back,£18.32,http://books.toscrape.com/catalogue/category/books/thriller_37/index.html,200
Chase Me (Paris Nights ...,£25.27,http://books.toscrape.com/catalogue/page-2.html,200
Black Dust,£34.53,http://books.toscrape.com/catalogue/page-2.html,200
Running with Scissors,£12.91,http://books.toscrape.com/catalogue/category/books/autobiography_27/index.html,200
Me Talk Pretty One ...,£57.60,http://books.toscrape.com/catalogue/category/books/autobiography_27/index.html,200
"Thinking, Fast and Slow",£21.14,http://books.toscrape.com/catalogue/category/books/psychology_26/index.html,200
Civilization and Its Discontents,£59.95,http://books.toscrape.com/catalogue/category/books/psychology_26/index.html,200
The New Drawing on ...,£43.02,http://books.toscrape.com/catalogue/category/books/art_25/index.html,200
History of Beauty,£10.29,http://books.toscrape.com/catalogue/category/books/art_25/index.html,200
Shakespeare's Sonnets,£20.66,http://books.toscrape.com/catalogue/category/books/poetry_23/index.html,200
Olio,£23.88,http://books.toscrape.com/catalogue/category/books/poetry_23/index.html,200
Catherine the Great: Portrait ...,£58.55,http://books.toscrape.com/catalogue/category/books/history_32/index.html,200
The Mathews Men: Seven ...,£42.91,http://books.toscrape.com/catalogue/category/books/history_32/index.html,200
The Hiding Place,£55.91,http://books.toscrape.com/catalogue/category/books/history_32/index.html,200
Mesaerion: The Best Science ...,£37.59,http://books.toscrape.com/catalogue/libertarianism-for-beginners_982/index.html,200
Olio,£23.88,http://books.toscrape.com/catalogue/libertarianism-for-beginners_982/index.html,200
Our Band Could Be ...,£57.25,http://books.toscrape.com/catalogue/libertarianism-for-beginners_982/index.html,200
Mesaerion: The Best Science ...,£37.59,http://books.toscrape.com/catalogue/its-only-the-himalayas_981/index.html,200
Olio,£23.88,http://books.toscrape.com/catalogue/its-only-the-himalayas_981/index.html,200
Our Band Could Be ...,£57.25,http://books.toscrape.com/catalogue/its-only-the-himalayas_981/index.html,200
Killing Floor (Jack Reacher ...,£31.49,http://books.toscrape.com/catalogue/category/books/thriller_37/index.html,200
The Bone Hunters (Lexy ...,£59.71,http://books.toscrape.com/catalogue/category/books/thriller_37/index.html,200
Far From True (Promise ...,£34.93,http://books.toscrape.com/catalogue/category/books/thriller_37/index.html,200
The Travelers,£15.77,http://books.toscrape.com/catalogue/category/books/thriller_37/index.html,200
Birdsong: A Story in ...,£54.64,http://books.toscrape.com/catalogue/page-2.html,200
America's Cradle of Quarterbacks: ...,£22.50,http://books.toscrape.com/catalogue/page-2.html,200
Aladdin and His Wonderful ...,£53.13,http://books.toscrape.com/catalogue/page-2.html,200
Worlds Elsewhere: Journeys Around ...,£40.30,http://books.toscrape.com/catalogue/page-2.html,200
Wall and Piece,£44.18,http://books.toscrape.com/catalogue/page-2.html,200
The Four Agreements: A ...,£17.66,http://books.toscrape.com/catalogue/page-2.html,200
The Five Love Languages: ...,£31.05,http://books.toscrape.com/catalogue/page-2.html,200
Lust & Wonder,£11.87,http://books.toscrape.com/catalogue/category/books/autobiography_27/index.html,200
Life Without a Recipe,£59.04,http://books.toscrape.com/catalogue/category/books/autobiography_27/index.html,200
A Heartbreaking Work of ...,£54.29,http://books.toscrape.com/catalogue/category/books/autobiography_27/index.html,200
8 Keys to Mental ...,£31.04,http://books.toscrape.com/catalogue/category/books/psychology_26/index.html,200
Olio,£23.88,http://books.toscrape.com/catalogue/mesaerion-the-best-science-fiction-stories-1800-1849_983/index.html,200
Starving Hearts (Triangular Trade ...,£13.99,http://books.toscrape.com/catalogue/shakespeares-sonnets_989/index.html,200
The Black Maria,£52.15,http://books.toscrape.com/catalogue/shakespeares-sonnets_989/index.html,200
The Story of Art,£41.14,http://books.toscrape.com/catalogue/category/books/art_25/index.html,200
The Art Book,£32.34,http://books.toscrape.com/catalogue/category/books/art_25/index.html,200
Ways of Seeing,£39.51,http://books.toscrape.com/catalogue/category/books/art_25/index.html,200
Our Band Could Be ...,£57.25,http://books.toscrape.com/catalogue/olio_984/index.html,200
Rip it Up and ...,£35.02,http://books.toscrape.com/catalogue/olio_984/index.html,200
Scott Pilgrim's Precious Little ...,£52.29,http://books.toscrape.com/catalogue/olio_984/index.html,200
Rip it Up and ...,£35.02,http://books.toscrape.com/catalogue/our-band-could-be-your-life-scenes-from-the-american-indie-underground-1981-1991_985/index.html,200
Scott Pilgrim's Precious Little ...,£52.29,http://books.toscrape.com/catalogue/our-band-could-be-your-life-scenes-from-the-american-indie-underground-1981-1991_985/index.html,200
Set Me Free,£17.46,http://books.toscrape.com/catalogue/our-band-could-be-your-life-scenes-from-the-american-indie-underground-1981-1991_985/index.html,200
Scott Pilgrim's Precious Little ...,£52.29,http://books.toscrape.com/catalogue/rip-it-up-and-start-again_986/index.html,200
Set Me Free,£17.46,http://books.toscrape.com/catalogue/rip-it-up-and-start-again_986/index.html,200
Shakespeare's Sonnets,£20.66,http://books.toscrape.com/catalogue/rip-it-up-and-start-again_986/index.html,200
You can't bury them ...,£33.63,http://books.toscrape.com/catalogue/category/books/poetry_23/index.html,200
Slow States of Collapse: ...,£57.31,http://books.toscrape.com/catalogue/category/books/poetry_23/index.html,200
Untitled Collection: Sabbath Poems ...,£14.27,http://books.toscrape.com/catalogue/category/books/poetry_23/index.html,200
Poems That Make Grown ...,£14.19,http://books.toscrape.com/catalogue/category/books/poetry_23/index.html,200
Set Me Free,£17.46,http://books.toscrape.com/catalogue/scott-pilgrims-precious-little-life-scott-pilgrim-1_987/index.html,200
Shakespeare's Sonnets,£20.66,http://books.toscrape.com/catalogue/scott-pilgrims-precious-little-life-scott-pilgrim-1_987/index.html,200
Starving Hearts (Triangular Trade ...,£13.99,http://books.toscrape.com/catalogue/scott-pilgrims-precious-little-life-scott-pilgrim-1_987/index.html,200
The Black Maria,£52.15,http://books.toscrape.com/catalogue/scott-pilgrims-precious-little-life-scott-pilgrim-1_987/index.html,200
America's War for the ...,£51.22,http://books.toscrape.com/catalogue/category/books/history_32/index.html,200
The Guns of August,£14.54,http://books.toscrape.com/catalogue/category/books/history_32/index.html,200
House of Lost Worlds: ...,£43.70,http://books.toscrape.com/catalogue/category/books/history_32/index.html,200
Shakespeare's Sonnets,£20.66,http://books.toscrape.com/catalogue/set-me-free_988/index.html,200
Rip it Up and ...,£35.02,http://books.toscrape.com/catalogue/libertarianism-for-beginners_982/index.html,200
Scott Pilgrim's Precious Little ...,£52.29,http://books.toscrape.com/catalogue/libertarianism-for-beginners_982/index.html,200
Set Me Free,£17.46,http://books.toscrape.com/catalogue/libertarianism-for-beginners_982/index.html,200
Rip it Up and ...,£35.02,http://books.toscrape.com/catalogue/its-only-the-himalayas_981/index.html,200
Scott Pilgrim's Precious Little ...,£52.29,http://books.toscrape.com/catalogue/its-only-the-himalayas_981/index.html,200
The Elephant Tree,£23.82,http://books.toscrape.com/catalogue/page-2.html,200
The Bear and the ...,£36.89,http://books.toscrape.com/catalogue/page-2.html,200
Sophie's World,£15.94,http://books.toscrape.com/catalogue/page-2.html,200
Our Band Could Be ...,£57.25,http://books.toscrape.com/catalogue/mesaerion-the-best-science-fiction-stories-1800-1849_983/index.html,200
Rip it Up and ...,£35.02,http://books.toscrape.com/catalogue/mesaerion-the-best-science-fiction-stories-1800-1849_983/index.html,200
The Boys in the ...,£22.60,http://books.toscrape.com/catalogue/shakespeares-sonnets_989/index.html,200
The Coming Woman: A ...,£17.93,http://books.toscrape.com/catalogue/shakespeares-sonnets_989/index.html,200
The Dirty Little Secrets ...,£33.34,http://books.toscrape.com/catalogue/shakespeares-sonnets_989/index.html,200
Set Me Free,£17.46,http://books.toscrape.com/catalogue/olio_984/index.html,200
Shakespeare's Sonnets,£20.66,http://books.toscrape.com/catalogue/olio_984/index.html,200
Shakespeare's Sonnets,£20.66,http://books.toscrape.com/catalogue/our-band-could-be-your-life-scenes-from-the-american-indie-underground-1981-1991_985/index.html,200
Starving Hearts (Triangular Trade ...,£13.99,http://books.toscrape.com/catalogue/our-band-could-be-your-life-scenes-from-the-american-indie-underground-1981-1991_985/index.html,200
Starving Hearts (Triangular Trade ...,£13.99,http://books.toscrape.com/catalogue/rip-it-up-and-start-again_986/index.html,200
The Black Maria,£52.15,http://books.toscrape.com/catalogue/rip-it-up-and-start-again_986/index.html,200
Night Sky with Exit ...,£41.05,http://books.toscrape.com/catalogue/category/books/poetry_23/index.html,200
salt.,£46.78,http://books.toscrape.com/catalogue/category/books/poetry_23/index.html,200
Quarter Life Poetry: Poems ...,£50.89,http://books.toscrape.com/catalogue/category/books/poetry_23/index.html,200
The Boys in the ...,£22.60,http://books.toscrape.com/catalogue/scott-pilgrims-precious-little-life-scott-pilgrim-1_987/index.html,200
The Coming Woman: A ...,£17.93,http://books.toscrape.com/catalogue/scott-pilgrims-precious-little-life-scott-pilgrim-1_987/index.html,200
Starving Hearts (Triangular Trade ...,£13.99,http://books.toscrape.com/catalogue/set-me-free_988/index.html,200
The Black Maria,£52.15,http://books.toscrape.com/catalogue/set-me-free_988/index.html,200
Penny Maybe,£33.29,http://books.toscrape.com/catalogue/page-2.html,200
Maude (1883-1993):She Grew Up ...,£18.02,http://books.toscrape.com/catalogue/page-2.html,200
"In a Dark, Dark ...",£19.63,http://books.toscrape.com/catalogue/page-2.html,200
Scott Pilgrim's Precious Little ...,£52.29,http://books.toscrape.com/catalogue/mesaerion-the-best-science-fiction-stories-1800-1849_983/index.html,200
Set Me Free,£17.46,http://books.toscrape.com/catalogue/mesaerion-the-best-science-fiction-stories-1800-1849_983/index.html,200
Shakespeare's Sonnets,£20.66,http://books.toscrape.com/catalogue/mesaerion-the-best-science-fiction-stories-1800-1849_983/index.html,200
The Requiem Red,£22.65,http://books.toscrape.com/catalogue/shakespeares-sonnets_989/index.html,200
Starving Hearts (Triangular Trade ...,£13.99,http://books.toscrape.com/catalogue/olio_984/index.html,200
The Black Maria,£52.15,http://books.toscrape.com/catalogue/our-band-could-be-your-life-scenes-from-the-american-indie-underground-1981-1991_985/index.html,200
The Boys in the ...,£22.60,http://books.toscrape.com/catalogue/the-black-maria_991/index.html,200
The Coming Woman: A ...,£17.93,http://books.toscrape.com/catalogue/the-boys-in-the-boat-nine-americans-and-their-epic-quest-for-gold-at-the-1936-berlin-olympics_992/index.html,200
The Boys in the ...,£22.60,http://books.toscrape.com/catalogue/rip-it-up-and-start-again_986/index.html,200
The Dirty Little Secrets ...,£33.34,http://books.toscrape.com/catalogue/the-coming-woman-a-novel-based-on-the-life-of-the-infamous-feminist-victoria-woodhull_993/index.html,200
The Requiem Red,£22.65,http://books.toscrape.com/catalogue/the-coming-woman-a-novel-based-on-the-life-of-the-infamous-feminist-victoria-woodhull_993/index.html,200
The Requiem Red,£22.65,http://books.toscrape.com/catalogue/the-dirty-little-secrets-of-getting-your-dream-job_994/index.html,200
Sapiens: A Brief History ...,£54.23,http://books.toscrape.com/catalogue/the-dirty-little-secrets-of-getting-your-dream-job_994/index.html,200
Out of Print: City ...,£53.64,http://books.toscrape.com/catalogue/category/books/poetry_23/index.html,200
Les Fleurs du Mal,£29.04,http://books.toscrape.com/catalogue/category/books/poetry_23/index.html,200
Sapiens: A Brief History ...,£54.23,http://books.toscrape.com/catalogue/the-requiem-red_995/index.html,200
Sharp Objects,£47.82,http://books.toscrape.com/catalogue/sapiens-a-brief-history-of-humankind_996/index.html,200
Soumission,£50.10,http://books.toscrape.com/catalogue/sapiens-a-brief-history-of-humankind_996/index.html,200
The Black Maria,£52.15,http://books.toscrape.com/catalogue/starving-hearts-triangular-trade-trilogy-1_990/index.html,200
The Boys in the ...,£22.60,http://books.toscrape.com/catalogue/starving-hearts-triangular-trade-trilogy-1_990/index.html,200
Soumission,£50.10,http://books.toscrape.com/catalogue/sharp-objects_997/index.html,200
Tipping the Velvet,£53.74,http://books.toscrape.com/catalogue/sharp-objects_997/index.html,200
The Boys in the ...,£22.60,http://books.toscrape.com/catalogue/set-me-free_988/index.html,200
The Coming Woman: A ...,£17.93,http://books.toscrape.com/catalogue/set-me-free_988/index.html,200
The Dirty Little Secrets ...,£33.34,http://books.toscrape.com/catalogue/set-me-free_988/index.html,200
Behind Closed Doors,£52.22,http://books.toscrape.com/catalogue/page-2.html,200
You can't bury them ...,£33.63,http://books.toscrape.com/catalogue/page-2.html,200
The Coming Woman: A ...,£17.93,http://books.toscrape.com/catalogue/the-black-maria_991/index.html,200
The Dirty Little Secrets ...,£33.34,http://books.toscrape.com/catalogue/the-black-maria_991/index.html,200
The Requiem Red,£22.65,http://books.toscrape.com/catalogue/the-black-maria_991/index.html,200
Sapiens: A Brief History ...,£54.23,http://books.toscrape.com/catalogue/the-black-maria_991/index.html,200
The Dirty Little Secrets ...,£33.34,http://books.toscrape.com/catalogue/the-boys-in-the-boat-nine-americans-and-their-epic-quest-for-gold-at-the-1936-berlin-olympics_992/index.html,200
The Requiem Red,£22.65,http://books.toscrape.com/catalogue/the-boys-in-the-boat-nine-americans-and-their-epic-quest-for-gold-at-the-1936-berlin-olympics_992/index.html,200
Sapiens: A Brief History ...,£54.23,http://books.toscrape.com/catalogue/the-boys-in-the-boat-nine-americans-and-their-epic-quest-for-gold-at-the-1936-berlin-olympics_992/index.html,200
Sharp Objects,£47.82,http://books.toscrape.com/catalogue/the-boys-in-the-boat-nine-americans-and-their-epic-quest-for-gold-at-the-1936-berlin-olympics_992/index.html,200
Soumission,£50.10,http://books.toscrape.com/catalogue/the-boys-in-the-boat-nine-americans-and-their-epic-quest-for-gold-at-the-1936-berlin-olympics_992/index.html,200
Sapiens: A Brief History ...,£54.23,http://books.toscrape.com/catalogue/the-coming-woman-a-novel-based-on-the-life-of-the-infamous-feminist-victoria-woodhull_993/index.html,200
Sharp Objects,£47.82,http://books.toscrape.com/catalogue/the-coming-woman-a-novel-based-on-the-life-of-the-infamous-feminist-victoria-woodhull_993/index.html,200
Soumission,£50.10,http://books.toscrape.com/catalogue/the-coming-woman-a-novel-based-on-the-life-of-the-infamous-feminist-victoria-woodhull_993/index.html,200
Tipping the Velvet,£53.74,http://books.toscrape.com/catalogue/the-coming-woman-a-novel-based-on-the-life-of-the-infamous-feminist-victoria-woodhull_993/index.html,200
Sharp Objects,£47.82,http://books.toscrape.com/catalogue/the-dirty-little-secrets-of-getting-your-dream-job_994/index.html,200
Soumission,£50.10,http://books.toscrape.com/catalogue/the-dirty-little-secrets-of-getting-your-dream-job_994/index.html,200
Tipping the Velvet,£53.74,http://books.toscrape.com/catalogue/the-dirty-little-secrets-of-getting-your-dream-job_994/index.html,200
A Light in the ...,£51.77,http://books.toscrape.com/catalogue/the-dirty-little-secrets-of-getting-your-dream-job_994/index.html,200
Howl and Other Poems,£40.45,http://books.toscrape.com/catalogue/category/books/poetry_23/index.html,200
Leave This Song Behind: ...,£51.17,http://books.toscrape.com/catalogue/category/books/poetry_23/index.html,200
The Collected Poems of ...,£15.42,http://books.toscrape.com/catalogue/category/books/poetry_23/index.html,200
The Crossover,£38.77,http://books.toscrape.com/catalogue/category/books/poetry_23/index.html,200
Sharp Objects,£47.82,http://books.toscrape.com/catalogue/the-requiem-red_995/index.html,200
Soumission,£50.10,http://books.toscrape.com/catalogue/the-requiem-red_995/index.html,200
Tipping the Velvet,£53.74,http://books.toscrape.com/catalogue/the-requiem-red_995/index.html,200
A Light in the ...,£51.77,http://books.toscrape.com/catalogue/the-requiem-red_995/index.html,200
Tipping the Velvet,£53.74,http://books.toscrape.com/catalogue/sapiens-a-brief-history-of-humankind_996/index.html,200
A Light in the ...,£51.77,http://books.toscrape.com/catalogue/sapiens-a-brief-history-of-humankind_996/index.html,200
The Coming Woman: A ...,£17.93,http://books.toscrape.com/catalogue/starving-hearts-triangular-trade-trilogy-1_990/index.html,200
The Dirty Little Secrets ...,£33.34,http://books.toscrape.com/catalogue/starving-hearts-triangular-trade-trilogy-1_990/index.html,200
The Requiem Red,£22.65,http://books.toscrape.com/catalogue/starving-hearts-triangular-trade-trilogy-1_990/index.html,200
Sapiens: A Brief History ...,£54.23,http://books.toscrape.com/catalogue/starving-hearts-triangular-trade-trilogy-1_990/index.html,200
A Light in the ...,£51.77,http://books.toscrape.com/catalogue/sharp-objects_997/index.html,200
Sharp Objects,£47.82,http://books.toscrape.com/catalogue/the-black-maria_991/index.html,200
Booked,£17.49,http://books.toscrape.com/catalogue/category/books/poetry_23/index.html,200
Twenty Love Poems and ...,£30.95,http://books.toscrape.com/catalogue/category/books/poetry_23/index.html,200
Tipping the Velvet,£53.74,http://books.toscrape.com/catalogue/soumission_998/index.html,200
A Light in the ...,£51.77,http://books.toscrape.com/catalogue/soumission_998/index.html,200
A Light in the ...,£51.77,http://books.toscrape.com/catalogue/tipping-the-velvet_999/index.html,200
Dark Notes,£19.19,http://books.toscrape.com/catalogue/category/books/erotica_50/index.html,200
Amid the Chaos,£36.58,http://books.toscrape.com/catalogue/category/books/cultural_49/index.html,200
The Long Shadow of ...,£10.97,http://books.toscrape.com/catalogue/category/books/crime_51/index.html,200
Libertarianism for Beginners,£51.33,http://books.toscrape.com/catalogue/category/books/politics_48/index.html,200
Why the Right Went ...,£52.65,http://books.toscrape.com/catalogue/category/books/politics_48/index.html,200
Equal Is Unfair: America's ...,£56.86,http://books.toscrape.com/catalogue/category/books/politics_48/index.html,200
The Bulletproof Diet: Lose ...,£49.05,http://books.toscrape.com/catalogue/category/books/health_47/index.html,200
"Eat Fat, Get Thin",£54.07,http://books.toscrape.com/catalogue/category/books/health_47/index.html,200
10-Day Green Smoothie Cleanse: ...,£49.71,http://books.toscrape.com/catalogue/category/books/health_47/index.html,200
The Art and Science ...,£52.98,http://books.toscrape.com/catalogue/category/books/health_47/index.html,200
Suzie Snowflake: One beautiful ...,£54.81,http://books.toscrape.com/catalogue/category/books/novels_46/index.html,200
The Grownup,£35.88,http://books.toscrape.com/catalogue/category/books/short-stories_45/index.html,200
(Un)Qualified: How God Uses ...,£54.00,http://books.toscrape.com/catalogue/category/books/christian_43/index.html,200
Silence in the Dark ...,£58.33,http://books.toscrape.com/catalogue/category/books/suspense_44/index.html,200
Online Marketing for Busy ...,£46.35,http://books.toscrape.com/catalogue/category/books/self-help_41/index.html,200
Crazy Love: Overwhelmed by ...,£47.72,http://books.toscrape.com/catalogue/category/books/christian_43/index.html,200
Blue Like Jazz: Nonreligious ...,£25.77,http://books.toscrape.com/catalogue/category/books/christian_43/index.html,200
All the Light We ...,£29.87,http://books.toscrape.com/catalogue/category/books/historical_42/index.html,200
The Girl You Left ...,£15.79,http://books.toscrape.com/catalogue/category/books/historical_42/index.html,200
How to Be Miserable: ...,£46.03,http://books.toscrape.com/catalogue/category/books/self-help_41/index.html,200
"Overload: How to Unplug, ...",£52.15,http://books.toscrape.com/catalogue/category/books/self-help_41/index.html,200
Logan Kade (Fallen Crest ...,£13.12,http://books.toscrape.com/catalogue/category/books/academic_40/index.html,200
The Four Agreements: A ...,£17.66,http://books.toscrape.com/catalogue/category/books/spirituality_39/index.html,200
The Activist's Tao Te ...,£32.24,http://books.toscrape.com/catalogue/category/books/spirituality_39/index.html,200
When We Collided,£31.77,http://books.toscrape.com/catalogue/category/books/contemporary_38/index.html,200
Someone Like You (The ...,£52.79,http://books.toscrape.com/catalogue/category/books/contemporary_38/index.html,200
You Are a Badass: ...,£12.08,http://books.toscrape.com/catalogue/category/books/self-help_41/index.html,200
How to Stop Worrying ...,£46.49,http://books.toscrape.com/catalogue/category/books/self-help_41/index.html,200
Chasing Heaven: What Dying ...,£37.80,http://books.toscrape.com/catalogue/category/books/spirituality_39/index.html,200
If I Gave You ...,£20.91,http://books.toscrape.com/catalogue/category/books/spirituality_39/index.html,200
We Are All Completely ...,£24.04,http://books.toscrape.com/catalogue/category/books/contemporary_38/index.html,200
Without Borders (Wanderlove #1),£45.07,http://books.toscrape.com/catalogue/category/books/new-adult_20/index.html,200
The Coming Woman: A ...,£17.93,http://books.toscrape.com/catalogue/category/books/default_15/index.html,200
Unreasonable Hope: Finding Faith ...,£46.33,http://books.toscrape.com/catalogue/category/books/spirituality_39/index.html,200
A New Earth: Awakening ...,£55.65,http://books.toscrape.com/catalogue/category/books/spirituality_39/index.html,200
The Most Perfect Thing: ...,£42.96,http://books.toscrape.com/catalogue/category/books/science_22/index.html,200
Immunity: How Elie Metchnikoff ...,£57.36,http://books.toscrape.com/catalogue/category/books/science_22/index.html,200
Sorting the Beef from ...,£44.74,http://books.toscrape.com/catalogue/category/books/science_22/index.html,200
The Requiem Red,£22.65,http://books.toscrape.com/catalogue/category/books/young-adult_21/index.html,200
Set Me Free,£17.46,http://books.toscrape.com/catalogue/category/books/young-adult_21/index.html,200
The Natural History of ...,£45.22,http://books.toscrape.com/catalogue/category/books/young-adult_21/index.html,200
Obsidian (Lux #1),£14.86,http://books.toscrape.com/catalogue/category/books/young-adult_21/index.html,200
The Mistake (Off-Campus #2),£43.29,http://books.toscrape.com/catalogue/category/books/new-adult_20/index.html,200
The Matchmaker's Playbook (Wingmen ...,£55.85,http://books.toscrape.com/catalogue/category/books/new-adult_20/index.html,200
The Hook Up (Game ...,£36.29,http://books.toscrape.com/catalogue/category/books/new-adult_20/index.html,200
The Boys in the ...,£22.60,http://books.toscrape.com/catalogue/category/books/default_15/index.html,200
Starving Hearts (Triangular Trade ...,£13.99,http://books.toscrape.com/catalogue/category/books/default_15/index.html,200
America's Cradle of Quarterbacks: ...,£22.50,http://books.toscrape.com/catalogue/category/books/default_15/index.html,200
Aladdin and His Wonderful ...,£53.13,http://books.toscrape.com/catalogue/category/books/default_15/index.html,200
Unicorn Tracks,£18.78,http://books.toscrape.com/catalogue/category/books/fantasy_19/index.html,200
"Saga, Volume 6 (Saga ...",£25.02,http://books.toscrape.com/catalogue/category/books/fantasy_19/index.html,200
Princess Between Worlds (Wide-Awake ...,£13.34,http://books.toscrape.com/catalogue/category/books/fantasy_19/index.html,200
Masks and Shadows,£56.40,http://books.toscrape.com/catalogue/category/books/fantasy_19/index.html,200
The Torch Is Passed: ...,£19.09,http://books.toscrape.com/catalogue/category/books/add-a-comment_18/index.html,200
The Mindfulness and Acceptance ...,£23.89,http://books.toscrape.com/catalogue/category/books/add-a-comment_18/index.html,200
The Art Forger,£40.76,http://books.toscrape.com/catalogue/category/books/add-a-comment_18/index.html,200
On a Midnight Clear,£14.07,http://books.toscrape.com/catalogue/category/books/add-a-comment_18/index.html,200
Tipping Point for Planet ...,£37.55,http://books.toscrape.com/catalogue/category/books/science_22/index.html,200
The Fabric of the ...,£55.91,http://books.toscrape.com/catalogue/category/books/science_22/index.html,200
Diary of a Citizen ...,£28.41,http://books.toscrape.com/catalogue/category/books/science_22/index.html,200
The Origin of Species,£10.01,http://books.toscrape.com/catalogue/category/books/science_22/index.html,200
The Book of Basketball: ...,£44.84,http://books.toscrape.com/catalogue/category/books/sports-and-games_17/index.html,200
Friday Night Lights: A ...,£51.22,http://books.toscrape.com/catalogue/category/books/sports-and-games_17/index.html,200
Sugar Rush (Offensive Line ...,£24.42,http://books.toscrape.com/catalogue/category/books/sports-and-games_17/index.html,200
Mesaerion: The Best Science ...,£37.59,http://books.toscrape.com/catalogue/category/books/science-fiction_16/index.html,200
Join,£35.67,http://books.toscrape.com/catalogue/category/books/science-fiction_16/index.html,200
William Shakespeare's Star Wars: ...,£43.30,http://books.toscrape.com/catalogue/category/books/science-fiction_16/index.html,200
Burning,£28.81,http://books.toscrape.com/catalogue/category/books/young-adult_21/index.html,200
A Fierce and Subtle ...,£28.13,http://books.toscrape.com/catalogue/category/books/young-adult_21/index.html,200
Scarlett Epstein Hates It ...,£43.55,http://books.toscrape.com/catalogue/category/books/young-adult_21/index.html,200
"Nightingale, Sing",£38.28,http://books.toscrape.com/catalogue/category/books/young-adult_21/index.html,200
Shameless,£58.35,http://books.toscrape.com/catalogue/category/books/new-adult_20/index.html,200
Off Sides (Off #1),£39.45,http://books.toscrape.com/catalogue/category/books/new-adult_20/index.html,200
Penny Maybe,£33.29,http://books.toscrape.com/catalogue/category/books/default_15/index.html,200
Maude (1883-1993):She Grew Up ...,£18.02,http://books.toscrape.com/catalogue/category/books/default_15/index.html,200
The Inefficiency Assassin: Time ...,£20.59,http://books.toscrape.com/catalogue/category/books/default_15/index.html,200
Soul Reader,£39.58,http://books.toscrape.com/catalogue/category/books/default_15/index.html,200
Bossypants,£49.46,http://books.toscrape.com/catalogue/category/books/default_15/index.html,200
A World of Flavor: ...,£42.95,http://books.toscrape.com/catalogue/category/books/default_15/index.html,200
Crown of Midnight (Throne ...,£43.29,http://books.toscrape.com/catalogue/category/books/fantasy_19/index.html,200
Avatar: The Last Airbender: ...,£28.09,http://books.toscrape.com/catalogue/category/books/fantasy_19/index.html,200
A Court of Thorns ...,£52.37,http://books.toscrape.com/catalogue/category/books/fantasy_19/index.html,200
Throne of Glass (Throne ...,£35.07,http://books.toscrape.com/catalogue/category/books/fantasy_19/index.html,200
Judo: Seven Steps to ...,£53.90,http://books.toscrape.com/catalogue/category/books/add-a-comment_18/index.html,200
"Shobu Samurai, Project Aryoku ...",£29.06,http://books.toscrape.com/catalogue/category/books/add-a-comment_18/index.html,200
Modern Romance,£28.26,http://books.toscrape.com/catalogue/category/books/add-a-comment_18/index.html,200
The White Queen (The ...,£25.91,http://books.toscrape.com/catalogue/category/books/add-a-comment_18/index.html,200
The Song of Achilles,£37.40,http://books.toscrape.com/catalogue/category/books/add-a-comment_18/index.html,200
The Grand Design,£13.76,http://books.toscrape.com/catalogue/category/books/science_22/index.html,200
Peak: Secrets from the ...,£16.28,http://books.toscrape.com/catalogue/category/books/science_22/index.html,200
"The Elegant Universe: Superstrings, ...",£13.03,http://books.toscrape.com/catalogue/category/books/science_22/index.html,200
The Disappearing Spoon: And ...,£57.35,http://books.toscrape.com/catalogue/category/books/science_22/index.html,200
Settling the Score (The ...,£44.91,http://books.toscrape.com/catalogue/category/books/sports-and-games_17/index.html,200
Icing (Aces Hockey #2),£40.44,http://books.toscrape.com/catalogue/category/books/sports-and-games_17/index.html,200
The Project,£10.65,http://books.toscrape.com/catalogue/category/books/science-fiction_16/index.html,200
Soft Apocalypse,£26.12,http://books.toscrape.com/catalogue/category/books/science-fiction_16/index.html,200
Sleeping Giants (Themis Files ...,£48.74,http://books.toscrape.com/catalogue/category/books/science-fiction_16/index.html,200
Library of Souls (Miss ...,£48.56,http://books.toscrape.com/catalogue/category/books/young-adult_21/index.html,200
Frostbite (Vampire Academy #2),£29.99,http://books.toscrape.com/catalogue/category/books/young-adult_21/index.html,200
"A Piece of Sky, ...",£56.76,http://books.toscrape.com/catalogue/category/books/default_15/index.html,200
Tracing Numbers on a ...,£41.60,http://books.toscrape.com/catalogue/category/books/default_15/index.html,200
Thirteen Reasons Why,£52.72,http://books.toscrape.com/catalogue/category/books/default_15/index.html,200
The Glittering Court (The ...,£44.28,http://books.toscrape.com/catalogue/category/books/fantasy_19/index.html,200
Hollow City (Miss Peregrine’s ...,£42.98,http://books.toscrape.com/catalogue/category/books/fantasy_19/index.html,200
The Star-Touched Queen,£46.02,http://books.toscrape.com/catalogue/category/books/fantasy_19/index.html,200
Chase Me (Paris Nights ...,£25.27,http://books.toscrape.com/catalogue/category/books/romance_8/index.html,200
Sophie's World,£15.94,http://books.toscrape.com/catalogue/category/books/philosophy_7/index.html,200
The Death of Humanity: ...,£58.11,http://books.toscrape.com/catalogue/category/books/philosophy_7/index.html,200
The Immortal Life of ...,£40.67,http://books.toscrape.com/catalogue/category/books/add-a-comment_18/index.html,200
The Dovekeepers,£48.78,http://books.toscrape.com/catalogue/category/books/add-a-comment_18/index.html,200
More Than Music (Chasing ...,£37.61,http://books.toscrape.com/catalogue/category/books/add-a-comment_18/index.html,200
Code Name Verity (Code ...,£22.13,http://books.toscrape.com/catalogue/category/books/add-a-comment_18/index.html,200
"Surely You're Joking, Mr. ...",£25.83,http://books.toscrape.com/catalogue/category/books/science_22/index.html,200
Seven Brief Lessons on ...,£30.60,http://books.toscrape.com/catalogue/category/books/science_22/index.html,200
The Selfish Gene,£29.45,http://books.toscrape.com/catalogue/category/books/science_22/index.html,200
Arena,£21.36,http://books.toscrape.com/catalogue/category/books/science-fiction_16/index.html,200
Foundation (Foundation (Publication Order) ...,£32.42,http://books.toscrape.com/catalogue/category/books/science-fiction_16/index.html,200
The Restaurant at the ...,£10.92,http://books.toscrape.com/catalogue/category/books/science-fiction_16/index.html,200
Wild Swans,£14.36,http://books.toscrape.com/catalogue/category/books/young-adult_21/index.html,200
Until Friday Night (The ...,£46.31,http://books.toscrape.com/catalogue/category/books/young-adult_21/index.html,200
Rip it Up and ...,£35.02,http://books.toscrape.com/catalogue/category/books/music_14/index.html,200
Our Band Could Be ...,£57.25,http://books.toscrape.com/catalogue/category/books/music_14/index.html,200
How Music Works,£37.32,http://books.toscrape.com/catalogue/category/books/music_14/index.html,200
Worlds Elsewhere: Journeys Around ...,£40.30,http://books.toscrape.com/catalogue/category/books/nonfiction_13/index.html,200
The Five Love Languages: ...,£31.05,http://books.toscrape.com/catalogue/category/books/nonfiction_13/index.html,200
Reasons to Stay Alive,£26.41,http://books.toscrape.com/catalogue/category/books/nonfiction_13/index.html,200
Don't Be a Jerk: ...,£37.97,http://books.toscrape.com/catalogue/category/books/religion_12/index.html,200
You Are What You ...,£21.87,http://books.toscrape.com/catalogue/category/books/religion_12/index.html,200
The Secret (The Secret ...,£27.37,http://books.toscrape.com/catalogue/category/books/default_15/index.html,200
The Psychopath Test: A ...,£36.00,http://books.toscrape.com/catalogue/category/books/default_15/index.html,200
The Kite Runner,£41.82,http://books.toscrape.com/catalogue/category/books/default_15/index.html,200
Birdsong: A Story in ...,£54.64,http://books.toscrape.com/catalogue/category/books/childrens_11/index.html,200
The Bear and the ...,£36.89,http://books.toscrape.com/catalogue/category/books/childrens_11/index.html,200
The Secret of Dreadwillow ...,£56.13,http://books.toscrape.com/catalogue/category/books/childrens_11/index.html,200
Soumission,£50.10,http://books.toscrape.com/catalogue/category/books/fiction_10/index.html,200
Private Paris (Private #10),£47.61,http://books.toscrape.com/catalogue/category/books/fiction_10/index.html,200
"We Love You, Charlie ...",£50.27,http://books.toscrape.com/catalogue/category/books/fiction_10/index.html,200
I Had a Nice ...,£57.36,http://books.toscrape.com/catalogue/category/books/womens-fiction_9/index.html,200
Will You Won't You ...,£13.86,http://books.toscrape.com/catalogue/category/books/womens-fiction_9/index.html,200
Keep Me Posted,£20.46,http://books.toscrape.com/catalogue/category/books/womens-fiction_9/index.html,200
Grey (Fifty Shades #4),£48.49,http://books.toscrape.com/catalogue/category/books/womens-fiction_9/index.html,200
The Hidden Oracle (The ...,£52.26,http://books.toscrape.com/catalogue/category/books/fantasy_19/index.html,200
The Bane Chronicles (The ...,£44.73,http://books.toscrape.com/catalogue/category/books/fantasy_19/index.html,200
Island of Dragons (Unwanteds ...,£29.65,http://books.toscrape.com/catalogue/category/books/fantasy_19/index.html,200
Demigods & Magicians: Percy ...,£37.51,http://books.toscrape.com/catalogue/category/books/fantasy_19/index.html,200
Black Dust,£34.53,http://books.toscrape.com/catalogue/category/books/romance_8/index.html,200
Her Backup Boyfriend (The ...,£33.97,http://books.toscrape.com/catalogue/category/books/romance_8/index.html,200
First and First (Five ...,£15.97,http://books.toscrape.com/catalogue/category/books/romance_8/index.html,200
Fifty Shades Darker (Fifty ...,£21.96,http://books.toscrape.com/catalogue/category/books/romance_8/index.html,200
The Stranger,£17.44,http://books.toscrape.com/catalogue/category/books/philosophy_7/index.html,200
Proofs of God: Classical ...,£54.21,http://books.toscrape.com/catalogue/category/books/philosophy_7/index.html,200
Cell,£20.29,http://books.toscrape.com/catalogue/category/books/add-a-comment_18/index.html,200
Angels Walking (Angels Walking ...,£34.20,http://books.toscrape.com/catalogue/category/books/add-a-comment_18/index.html,200
Ready Player One,£19.07,http://books.toscrape.com/catalogue/category/books/science-fiction_16/index.html,200
"Life, the Universe and ...",£33.26,http://books.toscrape.com/catalogue/category/books/science-fiction_16/index.html,200
This Is Where It ...,£27.12,http://books.toscrape.com/catalogue/category/books/young-adult_21/index.html,200
The Darkest Lie,£35.35,http://books.toscrape.com/catalogue/category/books/young-adult_21/index.html,200
My Kind of Crazy,£40.36,http://books.toscrape.com/catalogue/category/books/young-adult_21/index.html,200
Don't Get Caught,£55.35,http://books.toscrape.com/catalogue/category/books/young-adult_21/index.html,200
Love Is a Mix ...,£18.03,http://books.toscrape.com/catalogue/category/books/music_14/index.html,200
Please Kill Me: The ...,£31.19,http://books.toscrape.com/catalogue/category/books/music_14/index.html,200
Kill 'Em and Leave: ...,£45.05,http://books.toscrape.com/catalogue/category/books/music_14/index.html,200
#HigherSelfie: Wake Up Your ...,£23.11,http://books.toscrape.com/catalogue/category/books/nonfiction_13/index.html,200
Unseen City: The Majesty ...,£44.18,http://books.toscrape.com/catalogue/category/books/nonfiction_13/index.html,200
God: The Most Unpleasant ...,£30.03,http://books.toscrape.com/catalogue/category/books/religion_12/index.html,200
The Book of Mormon,£24.57,http://books.toscrape.com/catalogue/category/books/religion_12/index.html,200
The Girl on the ...,£55.02,http://books.toscrape.com/catalogue/category/books/default_15/index.html,200
The Emerald Mystery,£23.15,http://books.toscrape.com/catalogue/category/books/default_15/index.html,200
The White Cat and ...,£58.08,http://books.toscrape.com/catalogue/category/books/childrens_11/index.html,200
Little Red,£13.47,http://books.toscrape.com/catalogue/category/books/childrens_11/index.html,200
Thirst,£17.27,http://books.toscrape.com/catalogue/category/books/fiction_10/index.html,200
The Murder That Never ...,£54.11,http://books.toscrape.com/catalogue/category/books/fiction_10/index.html,200
Meternity,£43.58,http://books.toscrape.com/catalogue/category/books/womens-fiction_9/index.html,200
Some Women,£13.73,http://books.toscrape.com/catalogue/category/books/womens-fiction_9/index.html,200
Shopaholic Ties the Knot ...,£48.39,http://books.toscrape.com/catalogue/category/books/womens-fiction_9/index.html,200
City of Glass (The ...,£56.02,http://books.toscrape.com/catalogue/category/books/fantasy_19/index.html,200
Searching for Meaning in ...,£38.73,http://books.toscrape.com/catalogue/category/books/fantasy_19/index.html,200
The Wedding Dress,£24.12,http://books.toscrape.com/catalogue/category/books/romance_8/index.html,200
Suddenly in Love (Lake ...,£55.99,http://books.toscrape.com/catalogue/category/books/romance_8/index.html,200
Kierkegaard: A Christian Missionary ...,£47.13,http://books.toscrape.com/catalogue/category/books/philosophy_7/index.html,200
At The Existentialist Café: ...,£29.93,http://books.toscrape.com/catalogue/category/books/philosophy_7/index.html,200
A Series of Catastrophes ...,£56.48,http://books.toscrape.com/catalogue/category/books/add-a-comment_18/index.html,200
A People's History of ...,£40.79,http://books.toscrape.com/catalogue/category/books/add-a-comment_18/index.html,200
A Brush of Wings ...,£55.51,http://books.toscrape.com/catalogue/category/books/add-a-comment_18/index.html,200
Rook,£37.86,http://books.toscrape.com/catalogue/category/books/add-a-comment_18/index.html,200
Dune (Dune #1),£54.86,http://books.toscrape.com/catalogue/category/books/science-fiction_16/index.html,200
Do Androids Dream of ...,£51.48,http://books.toscrape.com/catalogue/category/books/science-fiction_16/index.html,200
Three Wishes (River of ...,£44.18,http://books.toscrape.com/catalogue/category/books/science-fiction_16/index.html,200
Catching Jordan (Hundred Oaks),£50.83,http://books.toscrape.com/catalogue/category/books/young-adult_21/index.html,200
Aristotle and Dante Discover ...,£58.14,http://books.toscrape.com/catalogue/category/books/young-adult_21/index.html,200
"Chronicles, Vol. 1",£52.60,http://books.toscrape.com/catalogue/category/books/music_14/index.html,200
This Is Your Brain ...,£38.40,http://books.toscrape.com/catalogue/category/books/music_14/index.html,200
Throwing Rocks at the ...,£31.12,http://books.toscrape.com/catalogue/category/books/nonfiction_13/index.html,200
The Life-Changing Magic of ...,£16.77,http://books.toscrape.com/catalogue/category/books/nonfiction_13/index.html,200
A History of God: ...,£27.62,http://books.toscrape.com/catalogue/category/books/religion_12/index.html,200
The Bhagavad Gita,£57.49,http://books.toscrape.com/catalogue/category/books/religion_12/index.html,200
Choosing Our Religion: The ...,£28.42,http://books.toscrape.com/catalogue/category/books/religion_12/index.html,200
The Bridge to Consciousness: ...,£32.00,http://books.toscrape.com/catalogue/category/books/default_15/index.html,200
Walt Disney's Alice in ...,£12.96,http://books.toscrape.com/catalogue/category/books/childrens_11/index.html,200
Twenty Yawns,£22.08,http://books.toscrape.com/catalogue/category/books/childrens_11/index.html,200
Tuesday Nights in 1980,£21.04,http://books.toscrape.com/catalogue/category/books/fiction_10/index.html,200
The Vacationers,£42.15,http://books.toscrape.com/catalogue/category/books/fiction_10/index.html,200
Can You Keep a ...,£21.94,http://books.toscrape.com/catalogue/category/books/womens-fiction_9/index.html,200
Twenties Girl,£42.80,http://books.toscrape.com/catalogue/category/books/womens-fiction_9/index.html,200
The Star-Touched Queen,£32.30,http://books.toscrape.com/catalogue/category/books/fantasy_19/index.html,200
A Shard of Ice ...,£56.63,http://books.toscrape.com/catalogue/category/books/fantasy_19/index.html,200
Something More Than This,£16.24,http://books.toscrape.com/catalogue/category/books/romance_8/index.html,200
Doing It Over (Most ...,£35.61,http://books.toscrape.com/catalogue/category/books/romance_8/index.html,200
The Wedding Pact (The ...,£32.61,http://books.toscrape.com/catalogue/category/books/romance_8/index.html,200
Hold Your Breath (Search ...,£28.82,http://books.toscrape.com/catalogue/category/books/romance_8/index.html,200
Critique of Pure Reason,£20.75,http://books.toscrape.com/catalogue/category/books/philosophy_7/index.html,200
"Run, Spot, Run: The ...",£20.02,http://books.toscrape.com/catalogue/category/books/philosophy_7/index.html,200
The Nicomachean Ethics,£36.34,http://books.toscrape.com/catalogue/category/books/philosophy_7/index.html,200
Meditations,£25.89,http://books.toscrape.com/catalogue/category/books/philosophy_7/index.html,200
The Midnight Watch: A ...,£26.20,http://books.toscrape.com/catalogue/category/books/add-a-comment_18/index.html,200
The Last Girl (The ...,£36.26,http://books.toscrape.com/catalogue/category/books/science-fiction_16/index.html,200
Having the Barbarian's Baby ...,£34.96,http://books.toscrape.com/catalogue/category/books/science-fiction_16/index.html,200
The Epidemic (The Program ...,£14.44,http://books.toscrape.com/catalogue/category/books/young-adult_21/index.html,200
Stars Above (The Lunar ...,£48.05,http://books.toscrape.com/catalogue/category/books/young-adult_21/index.html,200
Orchestra of Exiles: The ...,£12.36,http://books.toscrape.com/catalogue/category/books/music_14/index.html,200
No One Here Gets ...,£20.02,http://books.toscrape.com/catalogue/category/books/music_14/index.html,200
The Gutsy Girl: Escapades ...,£37.13,http://books.toscrape.com/catalogue/category/books/nonfiction_13/index.html,200
Scott Pilgrim's Precious Little ...,£52.29,http://books.toscrape.com/catalogue/category/books/sequential-art_5/index.html,200
Tsubasa: WoRLD CHRoNiCLE 2 ...,£16.28,http://books.toscrape.com/catalogue/category/books/sequential-art_5/index.html,200
Tipping the Velvet,£53.74,http://books.toscrape.com/catalogue/category/books/historical-fiction_4/index.html,200
Forever and Forever: The ...,£29.69,http://books.toscrape.com/catalogue/category/books/historical-fiction_4/index.html,200
A Flight of Arrows ...,£55.53,http://books.toscrape.com/catalogue/category/books/historical-fiction_4/index.html,200
It's Only the Himalayas,£45.17,http://books.toscrape.com/catalogue/category/books/travel_2/index.html,200
Full Moon over Noah’s ...,£49.43,http://books.toscrape.com/catalogue/category/books/travel_2/index.html,200
Sharp Objects,£47.82,http://books.toscrape.com/catalogue/category/books/mystery_3/index.html,200
"In a Dark, Dark ...",£19.63,http://books.toscrape.com/catalogue/category/books/mystery_3/index.html,200
The Past Never Ends,£56.50,http://books.toscrape.com/catalogue/category/books/mystery_3/index.html,200
A Murder in Time,£16.64,http://books.toscrape.com/catalogue/category/books/mystery_3/index.html,200
Rain Fish,£23.57,http://books.toscrape.com/catalogue/category/books/childrens_11/index.html,200
Once Was a Time,£18.28,http://books.toscrape.com/catalogue/category/books/childrens_11/index.html,200
Luis Paints the World,£53.95,http://books.toscrape.com/catalogue/category/books/childrens_11/index.html,200
Nap-a-Roo,£25.08,http://books.toscrape.com/catalogue/category/books/childrens_11/index.html,200
A Light in the ...,£51.77,http://books.toscrape.com/catalogue/category/books_1/index.html,200
Tipping the Velvet,£53.74,http://books.toscrape.com/catalogue/category/books_1/index.html,200
Soumission,£50.10,http://books.toscrape.com/catalogue/category/books_1/index.html,200
Sharp Objects,£47.82,http://books.toscrape.com/catalogue/category/books_1/index.html,200
The Regional Office Is ...,£51.36,http://books.toscrape.com/catalogue/category/books/fiction_10/index.html,200
Finders Keepers (Bill Hodges ...,£53.53,http://books.toscrape.com/catalogue/category/books/fiction_10/index.html,200
The Undomestic Goddess,£45.75,http://books.toscrape.com/catalogue/category/books/womens-fiction_9/index.html,200
The Nanny Diaries (Nanny ...,£52.53,http://books.toscrape.com/catalogue/category/books/womens-fiction_9/index.html,200
King's Folly (The Kinsman ...,£39.61,http://books.toscrape.com/catalogue/category/books/fantasy_19/index.html,200
Dirty (Dive Bar #1),£40.83,http://books.toscrape.com/catalogue/category/books/romance_8/index.html,200
Take Me Home Tonight ...,£53.98,http://books.toscrape.com/catalogue/category/books/romance_8/index.html,200
Beyond Good and Evil,£43.38,http://books.toscrape.com/catalogue/category/books/philosophy_7/index.html,200
Life,£31.58,http://books.toscrape.com/catalogue/category/books/music_14/index.html,200
Old Records Never Die: ...,£55.66,http://books.toscrape.com/catalogue/category/books/music_14/index.html,200
Forever Rockers (The Rocker ...,£28.80,http://books.toscrape.com/catalogue/category/books/music_14/index.html,200
The Electric Pencil: Drawings ...,£56.06,http://books.toscrape.com/catalogue/category/books/nonfiction_13/index.html,200
Spark Joy: An Illustrated ...,£41.83,http://books.toscrape.com/catalogue/category/books/nonfiction_13/index.html,200
Reskilling America: Learning to ...,£19.83,http://books.toscrape.com/catalogue/category/books/nonfiction_13/index.html,200
This One Summer,£19.49,http://books.toscrape.com/catalogue/category/books/sequential-art_5/index.html,200
The Nameless City (The ...,£38.16,http://books.toscrape.com/catalogue/category/books/sequential-art_5/index.html,200
The House by the ...,£36.95,http://books.toscrape.com/catalogue/category/books/historical-fiction_4/index.html,200
Mrs. Houdini,£30.25,http://books.toscrape.com/catalogue/category/books/historical-fiction_4/index.html,200
The Marriage of Opposites,£28.08,http://books.toscrape.com/catalogue/category/books/historical-fiction_4/index.html,200
Glory over Everything: Beyond ...,£45.84,http://books.toscrape.com/catalogue/category/books/historical-fiction_4/index.html,200
See America: A Celebration ...,£48.87,http://books.toscrape.com/catalogue/category/books/travel_2/index.html,200
Vagabonding: An Uncommon Guide ...,£36.94,http://books.toscrape.com/catalogue/category/books/travel_2/index.html,200
Under the Tuscan Sun,£37.33,http://books.toscrape.com/catalogue/category/books/travel_2/index.html,200
A Summer In Europe,£44.34,http://books.toscrape.com/catalogue/category/books/travel_2/index.html,200
The Murder of Roger ...,£44.10,http://books.toscrape.com/catalogue/category/books/mystery_3/index.html,200
The Last Mile (Amos ...,£54.21,http://books.toscrape.com/catalogue/category/books/mystery_3/index.html,200
That Darkness (Gardiner and ...,£13.92,http://books.toscrape.com/catalogue/category/books/mystery_3/index.html,200
Tastes Like Fear (DI ...,£10.69,http://books.toscrape.com/catalogue/category/books/mystery_3/index.html,200
The Whale,£35.96,http://books.toscrape.com/catalogue/category/books/childrens_11/index.html,200
"Shrunken Treasures: Literary Classics, ...",£52.87,http://books.toscrape.com/catalogue/category/books/childrens_11/index.html,200
Raymie Nightingale,£34.41,http://books.toscrape.com/catalogue/category/books/childrens_11/index.html,200
Sapiens: A Brief History ...,£54.23,http://books.toscrape.com/catalogue/category/books_1/index.html,200
The Requiem Red,£22.65,http://books.toscrape.com/catalogue/category/books_1/index.html,200
The Dirty Little Secrets ...,£33.34,http://books.toscrape.com/catalogue/category/books_1/index.html,200
The Secret Garden,£15.08,http://books.toscrape.com/catalogue/category/books/classics_6/index.html,200
The Metamorphosis,£28.58,http://books.toscrape.com/catalogue/category/books/classics_6/index.html,200
The Time Keeper,£27.88,http://books.toscrape.com/catalogue/category/books/fiction_10/index.html,200
The Testament of Mary,£52.67,http://books.toscrape.com/catalogue/category/books/fiction_10/index.html,200
The First Hostage (J.B. ...,£25.85,http://books.toscrape.com/catalogue/category/books/fiction_10/index.html,200
The Devil Wears Prada ...,£44.29,http://books.toscrape.com/catalogue/category/books/womens-fiction_9/index.html,200
Something Borrowed (Darcy & ...,£48.96,http://books.toscrape.com/catalogue/category/books/womens-fiction_9/index.html,200
Off the Hook (Fishing ...,£47.67,http://books.toscrape.com/catalogue/category/books/romance_8/index.html,200
A Gentleman's Position (Society ...,£14.75,http://books.toscrape.com/catalogue/category/books/romance_8/index.html,200
In the Country We ...,£22.00,http://books.toscrape.com/catalogue/category/books/nonfiction_13/index.html,200
Everydata: The Misinformation Hidden ...,£54.35,http://books.toscrape.com/catalogue/category/books/nonfiction_13/index.html,200
"Saga, Volume 5 (Saga ...",£51.04,http://books.toscrape.com/catalogue/category/books/sequential-art_5/index.html,200
"Rat Queens, Vol. 3: ...",£50.40,http://books.toscrape.com/catalogue/category/books/sequential-art_5/index.html,200
"Love, Lies and Spies",£20.55,http://books.toscrape.com/catalogue/category/books/historical-fiction_4/index.html,200
A Paris Apartment,£39.01,http://books.toscrape.com/catalogue/category/books/historical-fiction_4/index.html,200
The Great Railway Bazaar,£30.54,http://books.toscrape.com/catalogue/category/books/travel_2/index.html,200
A Year in Provence ...,£56.88,http://books.toscrape.com/catalogue/category/books/travel_2/index.html,200
The Road to Little ...,£23.21,http://books.toscrape.com/catalogue/category/books/travel_2/index.html,200
Neither Here nor There: ...,£38.95,http://books.toscrape.com/catalogue/category/books/travel_2/index.html,200
A Time of Torment ...,£48.35,http://books.toscrape.com/catalogue/category/books/mystery_3/index.html,200
A Study in Scarlet ...,£16.73,http://books.toscrape.com/catalogue/category/books/mystery_3/index.html,200
Poisonous (Max Revere Novels ...,£26.80,http://books.toscrape.com/catalogue/category/books/mystery_3/index.html,200
Murder at the 42nd ...,£54.36,http://books.toscrape.com/catalogue/category/books/mystery_3/index.html,200
Playing from the Heart,£32.38,http://books.toscrape.com/catalogue/category/books/childrens_11/index.html,200
Maybe Something Beautiful: How ...,£22.54,http://books.toscrape.com/catalogue/category/books/childrens_11/index.html,200
The Wild Robot,£56.07,http://books.toscrape.com/catalogue/category/books/childrens_11/index.html,200
The Coming Woman: A ...,£17.93,http://books.toscrape.com/catalogue/category/books_1/index.html,200
The Boys in the ...,£22.60,http://books.toscrape.com/catalogue/category/books_1/index.html,200
The Pilgrim's Progress,£50.26,http://books.toscrape.com/catalogue/category/books/classics_6/index.html,200
The Hound of the ...,£14.82,http://books.toscrape.com/catalogue/category/books/classics_6/index.html,200
Little Women (Little Women ...,£28.07,http://books.toscrape.com/catalogue/category/books/classics_6/index.html,200
Take Me with You,£45.21,http://books.toscrape.com/catalogue/category/books/fiction_10/index.html,200
Still Life with Bread ...,£26.41,http://books.toscrape.com/catalogue/category/books/fiction_10/index.html,200
Something Blue (Darcy & ...,£54.62,http://books.toscrape.com/catalogue/category/books/womens-fiction_9/index.html,200
I've Got Your Number,£19.69,http://books.toscrape.com/catalogue/category/books/womens-fiction_9/index.html,200
"Sit, Stay, Love",£20.90,http://books.toscrape.com/catalogue/category/books/romance_8/index.html,200
A Girl's Guide to ...,£31.30,http://books.toscrape.com/catalogue/category/books/romance_8/index.html,200
Call the Nurse: True ...,£29.14,http://books.toscrape.com/catalogue/category/books/nonfiction_13/index.html,200
Algorithms to Live By: ...,£30.81,http://books.toscrape.com/catalogue/category/books/nonfiction_13/index.html,200
"Princess Jellyfish 2-in-1 Omnibus, ...",£13.61,http://books.toscrape.com/catalogue/category/books/sequential-art_5/index.html,200
"Pop Gun War, Volume ...",£18.97,http://books.toscrape.com/catalogue/category/books/sequential-art_5/index.html,200
Lilac Girls,£17.28,http://books.toscrape.com/catalogue/category/books/historical-fiction_4/index.html,200
The Constant Princess (The ...,£16.62,http://books.toscrape.com/catalogue/category/books/historical-fiction_4/index.html,200
The Invention of Wings,£37.34,http://books.toscrape.com/catalogue/category/books/historical-fiction_4/index.html,200
"1,000 Places to See ...",£26.08,http://books.toscrape.com/catalogue/category/books/travel_2/index.html,200
Most Wanted,£35.28,http://books.toscrape.com/catalogue/category/books/mystery_3/index.html,200
Hide Away (Eve Duncan ...,£11.84,http://books.toscrape.com/catalogue/category/books/mystery_3/index.html,200
The Thing About Jellyfish,£48.77,http://books.toscrape.com/catalogue/category/books/childrens_11/index.html,200
The Lonely Ones,£43.59,http://books.toscrape.com/catalogue/category/books/childrens_11/index.html,200
The Black Maria,£52.15,http://books.toscrape.com/catalogue/category/books_1/index.html,200
Starving Hearts (Triangular Trade ...,£13.99,http://books.toscrape.com/catalogue/category/books_1/index.html,200
Shakespeare's Sonnets,£20.66,http://books.toscrape.com/catalogue/category/books_1/index.html,200
Gone with the Wind,£32.49,http://books.toscrape.com/catalogue/category/books/classics_6/index.html,200
Candide,£58.63,http://books.toscrape.com/catalogue/category/books/classics_6/index.html,200
Shtum,£55.84,http://books.toscrape.com/catalogue/category/books/fiction_10/index.html,200
My Name Is Lucy ...,£41.56,http://books.toscrape.com/catalogue/category/books/fiction_10/index.html,200
My Mrs. Brown,£24.48,http://books.toscrape.com/catalogue/category/books/fiction_10/index.html,200
Mr. Mercedes (Bill Hodges ...,£28.90,http://books.toscrape.com/catalogue/category/books/fiction_10/index.html,200
The Edge of Reason ...,£19.18,http://books.toscrape.com/catalogue/category/books/womens-fiction_9/index.html,200
Bridget Jones's Diary (Bridget ...,£29.82,http://books.toscrape.com/catalogue/category/books/womens-fiction_9/index.html,200
The Perfect Play (Play ...,£59.99,http://books.toscrape.com/catalogue/category/books/romance_8/index.html,200
Dark Lover (Black Dagger ...,£12.87,http://books.toscrape.com/catalogue/category/books/romance_8/index.html,200
The Power of Now: ...,£43.54,http://books.toscrape.com/catalogue/category/books/nonfiction_13/index.html,200
The Omnivore's Dilemma: A ...,£38.21,http://books.toscrape.com/catalogue/category/books/nonfiction_13/index.html,200
The Genius of Birds,£17.24,http://books.toscrape.com/catalogue/category/books/nonfiction_13/index.html,200
Patience,£10.16,http://books.toscrape.com/catalogue/category/books/sequential-art_5/index.html,200
"Outcast, Vol. 1: A ...",£15.44,http://books.toscrape.com/catalogue/category/books/sequential-art_5/index.html,200
orange: The Complete Collection ...,£48.41,http://books.toscrape.com/catalogue/category/books/sequential-art_5/index.html,200
World Without End (The ...,£32.97,http://books.toscrape.com/catalogue/category/books/historical-fiction_4/index.html,200
The Passion of Dolssa,£28.32,http://books.toscrape.com/catalogue/category/books/historical-fiction_4/index.html,200
Girl With a Pearl ...,£26.77,http://books.toscrape.com/catalogue/category/books/historical-fiction_4/index.html,200
Voyager (Outlander #3),£21.07,http://books.toscrape.com/catalogue/category/books/historical-fiction_4/index.html,200
Boar Island (Anna Pigeon ...,£59.48,http://books.toscrape.com/catalogue/category/books/mystery_3/index.html,200
The Widow,£27.26,http://books.toscrape.com/catalogue/category/books/mystery_3/index.html,200
Playing with Fire,£13.71,http://books.toscrape.com/catalogue/category/books/mystery_3/index.html,200
The Day the Crayons ...,£26.33,http://books.toscrape.com/catalogue/category/books/childrens_11/index.html,200
Set Me Free,£17.46,http://books.toscrape.com/catalogue/category/books_1/index.html,200
Scott Pilgrim's Precious Little ...,£52.29,http://books.toscrape.com/catalogue/category/books_1/index.html,200
Animal Farm,£57.22,http://books.toscrape.com/catalogue/category/books/classics_6/index.html,200
Wuthering Heights,£17.73,http://books.toscrape.com/catalogue/category/books/classics_6/index.html,200
I Am Pilgrim (Pilgrim ...,£10.60,http://books.toscrape.com/catalogue/category/books/fiction_10/index.html,200
Eligible (The Austen Project ...,£27.09,http://books.toscrape.com/catalogue/category/books/fiction_10/index.html,200
Changing the Game (Play ...,£13.38,http://books.toscrape.com/catalogue/category/books/romance_8/index.html,200
The Artist's Way: A ...,£38.49,http://books.toscrape.com/catalogue/category/books/nonfiction_13/index.html,200
So You've Been Publicly ...,£12.23,http://books.toscrape.com/catalogue/category/books/nonfiction_13/index.html,200
"Lumberjanes, Vol. 2: Friendship ...",£46.91,http://books.toscrape.com/catalogue/category/books/sequential-art_5/index.html,200
The Red Tent,£35.66,http://books.toscrape.com/catalogue/category/books/historical-fiction_4/index.html,200
The Last Painting of ...,£55.55,http://books.toscrape.com/catalogue/category/books/historical-fiction_4/index.html,200
What Happened on Beale ...,£25.37,http://books.toscrape.com/catalogue/category/books/mystery_3/index.html,200
The Bachelor Girl's Guide ...,£52.30,http://books.toscrape.com/catalogue/category/books/mystery_3/index.html,200
Rip it Up and ...,£35.02,http://books.toscrape.com/catalogue/category/books_1/index.html,200
Our Band Could Be ...,£57.25,http://books.toscrape.com/catalogue/category/books_1/index.html,200
The Picture of Dorian ...,£29.70,http://books.toscrape.com/catalogue/category/books/classics_6/index.html,200
The Complete Stories and ...,£26.78,http://books.toscrape.com/catalogue/category/books/classics_6/index.html,200
Beowulf,£38.35,http://books.toscrape.com/catalogue/category/books/classics_6/index.html,200
And Then There Were ...,£35.01,http://books.toscrape.com/catalogue/category/books/classics_6/index.html,200
"Lumberjanes, Vol. 1: Beware ...",£45.61,http://books.toscrape.com/catalogue/category/books/sequential-art_5/index.html,200
Lumberjanes Vol. 3: A ...,£19.92,http://books.toscrape.com/catalogue/category/books/sequential-art_5/index.html,200
"I Hate Fairyland, Vol. ...",£29.17,http://books.toscrape.com/catalogue/category/books/sequential-art_5/index.html,200
I am a Hero ...,£54.63,http://books.toscrape.com/catalogue/category/books/sequential-art_5/index.html,200
The Guernsey Literary and ...,£49.53,http://books.toscrape.com/catalogue/category/books/historical-fiction_4/index.html,200
Girl in the Blue ...,£46.83,http://books.toscrape.com/catalogue/category/books/historical-fiction_4/index.html,200
Delivering the Truth (Quaker ...,£20.89,http://books.toscrape.com/catalogue/category/books/mystery_3/index.html,200
Olio,£23.88,http://books.toscrape.com/catalogue/category/books_1/index.html,200
Mesaerion: The Best Science ...,£37.59,http://books.toscrape.com/catalogue/category/books_1/index.html,200
The Story of Hong ...,£43.19,http://books.toscrape.com/catalogue/category/books/classics_6/index.html,200
The Little Prince,£45.42,http://books.toscrape.com/catalogue/category/books/classics_6/index.html,200
Sense and Sensibility,£37.46,http://books.toscrape.com/catalogue/category/books/classics_6/index.html,200
"Giant Days, Vol. 2 ...",£22.11,http://books.toscrape.com/catalogue/category/books/sequential-art_5/index.html,200
Danganronpa Volume 1,£51.99,http://books.toscrape.com/catalogue/category/books/sequential-art_5/index.html,200
"Codename Baboushka, Volume 1: ...",£36.72,http://books.toscrape.com/catalogue/category/books/sequential-art_5/index.html,200
Camp Midnight,£17.08,http://books.toscrape.com/catalogue/category/books/sequential-art_5/index.html,200
Libertarianism for Beginners,£51.33,http://books.toscrape.com/catalogue/category/books_1/index.html,200
It's Only the Himalayas,£45.17,http://books.toscrape.com/catalogue/category/books_1/index.html,200
Of Mice and Men,£47.11,http://books.toscrape.com/catalogue/category/books/classics_6/index.html,200
Emma,£32.93,http://books.toscrape.com/catalogue/category/books/classics_6/index.html,200
Alice in Wonderland (Alice's ...,£55.53,http://books.toscrape.com/catalogue/category/books/classics_6/index.html,200
